<?xml version="1.0" encoding="UTF-8"?>
<!--
 This is a WordPress eXtended RSS file generated by WordPress as an export of your site.
 It contains information about your site's posts, pages, comments, categories, and other content.
 You may use this file to transfer that content from one site to another.
 This file is not intended to serve as a complete backup of your site.

 To import this information into a WordPress site follow these steps:
 1. Log in to that site as an administrator.
 2. Go to Tools: Import in the WordPress admin panel.
 3. Install the "WordPress" importer from the list.
 4. Activate & Run Importer.
 5. Upload this file using the form provided on that page.
 6. You will first be asked to map the authors in this export file to users
    on the site. For each author, you may choose to map to an
    existing user on the site or to create a new user.
 7. WordPress will then import each of the posts, pages, comments, categories, etc.
    contained in this file into your site.
-->
<!-- generator="WordPress.com" created="2024-05-13 04:20"-->
<rss version="2.0" xmlns:excerpt="http://wordpress.org/export/1.2/excerpt/" xmlns:content="http://purl.org/rss/1.0/modules/content/" xmlns:wfw="http://wellformedweb.org/CommentAPI/" xmlns:dc="http://purl.org/dc/elements/1.1/" xmlns:wp="http://wordpress.org/export/1.2/">
  <channel>
<title>param</title>
<link>https://vinaygouda13.wordpress.com</link>
<description>luffy</description>
<pubDate>Mon, 13 May 2024 04:20:04 +0000</pubDate>
<language>en</language>
<wp:wxr_version>1.2</wp:wxr_version>
<wp:base_site_url>http://wordpress.com/</wp:base_site_url>
<wp:base_blog_url>https://vinaygouda13.wordpress.com</wp:base_blog_url>
<wp:author>
  <wp:author_id>250644052</wp:author_id>
  <wp:author_login>vinaygouda13</wp:author_login>
  <wp:author_email>vinaygouda13@gmail.com</wp:author_email>
  <wp:author_display_name><![CDATA[vinaygouda13]]></wp:author_display_name>
  <wp:author_first_name><![CDATA[]]></wp:author_first_name>
  <wp:author_last_name><![CDATA[]]></wp:author_last_name>
</wp:author>
<generator>http://wordpress.com/</generator>
<image>
		<url>http://s0.wp.com/i/buttonw-com.png</url>
		<title>param</title>
		<link>https://vinaygouda13.wordpress.com</link>
	</image>
	<item>
  <title><![CDATA[About]]></title>
  <link>https://vinaygouda13.wordpress.com/about/</link>
  <pubDate>Sun, 12 May 2024 15:52:46 +0000</pubDate>
  <dc:creator>vinaygouda13</dc:creator>
  <guid isPermaLink="false">http://vinaygouda13.wordpress.com/?page_id=1</guid>
  <description/>
  <content:encoded><![CDATA[<!-- wp:paragraph -->
<p>This is an example of a page. Unlike posts, which are displayed on your blog’s front page in the order they’re published, pages are better suited for more timeless content that you want to be easily accessible, like your About or Contact information. Click the Edit link to make changes to this page or <a title="Direct link to Add New Page in your Dashboard" href="https://wordpress.com/page/232991902/new/">add another page</a>.</p>
<!-- /wp:paragraph -->]]></content:encoded>
  <excerpt:encoded><![CDATA[]]></excerpt:encoded>
  <wp:post_id>1</wp:post_id>
  <wp:post_date>2024-05-12 15:52:46</wp:post_date>
  <wp:post_date_gmt>2024-05-12 15:52:46</wp:post_date_gmt>
  <wp:post_modified>2024-05-12 15:52:46</wp:post_modified>
  <wp:post_modified_gmt>2024-05-12 15:52:46</wp:post_modified_gmt>
  <wp:comment_status>closed</wp:comment_status>
  <wp:ping_status>open</wp:ping_status>
  <wp:post_name>about</wp:post_name>
  <wp:status>publish</wp:status>
  <wp:post_parent>0</wp:post_parent>
  <wp:menu_order>0</wp:menu_order>
  <wp:post_type>page</wp:post_type>
  <wp:post_password/>
  <wp:is_sticky>0</wp:is_sticky>
  <wp:postmeta>
    <wp:meta_key>_wp_page_template</wp:meta_key>
    <wp:meta_value><![CDATA[default]]></wp:meta_value>
  </wp:postmeta>
</item>
<item>
  <title><![CDATA[One Piece Anime]]></title>
  <link>https://vinaygouda13.wordpress.com/one-piece-anime/</link>
  <pubDate>Mon, 13 May 2024 02:13:47 +0000</pubDate>
  <dc:creator>vinaygouda13</dc:creator>
  <guid isPermaLink="false">https://vinaygouda13.wordpress.com/?page_id=23</guid>
  <description/>
  <content:encoded><![CDATA[<!-- wp:group {"metadata":{"name":"Page Title"},"align":"full","style":{"spacing":{"padding":{"top":"calc( 0.5 * var(\u002d\u002dwp\u002d\u002dstyle\u002d\u002droot\u002d\u002dpadding-right, var(\u002d\u002dwp\u002d\u002dcustom\u002d\u002dgap\u002d\u002dhorizontal)))","bottom":"calc( 0.5 * var(\u002d\u002dwp\u002d\u002dstyle\u002d\u002droot\u002d\u002dpadding-right, var(\u002d\u002dwp\u002d\u002dcustom\u002d\u002dgap\u002d\u002dhorizontal)))","left":"var(\u002d\u002dwp\u002d\u002dstyle\u002d\u002droot\u002d\u002dpadding-left, var(\u002d\u002dwp\u002d\u002dcustom\u002d\u002dgap\u002d\u002dhorizontal))","right":"var(\u002d\u002dwp\u002d\u002dstyle\u002d\u002droot\u002d\u002dpadding-right, var(\u002d\u002dwp\u002d\u002dcustom\u002d\u002dgap\u002d\u002dhorizontal))"},"margin":{"top":"0","bottom":"0"}}},"layout":{"type":"constrained","justifyContent":"center"}} -->
<div class="wp-block-group alignfull" style="margin-top:0;margin-bottom:0;padding-top:calc( 0.5 * var(--wp--style--root--padding-right, var(--wp--custom--gap--horizontal)));padding-right:var(--wp--style--root--padding-right, var(--wp--custom--gap--horizontal));padding-bottom:calc( 0.5 * var(--wp--style--root--padding-right, var(--wp--custom--gap--horizontal)));padding-left:var(--wp--style--root--padding-left, var(--wp--custom--gap--horizontal))"><!-- wp:spacer {"height":"var:preset|spacing|20"} -->
<div style="height:var(--wp--preset--spacing--20)" aria-hidden="true" class="wp-block-spacer"></div>
<!-- /wp:spacer -->

<!-- wp:columns {"align":"wide","style":{"spacing":{"blockGap":{"top":"var:preset|spacing|20","left":"var:preset|spacing|20"}}}} -->
<div class="wp-block-columns alignwide"><!-- wp:column {"width":"50%","style":{"spacing":{"blockGap":"var:preset|spacing|20"}}} -->
<div class="wp-block-column" style="flex-basis:50%"><!-- wp:heading -->
<h2 class="wp-block-heading">Luffy's Gallery</h2>
<!-- /wp:heading -->

<!-- wp:gallery {"linkTo":"none"} -->
<figure class="wp-block-gallery has-nested-images columns-default is-cropped"><!-- wp:image {"id":38,"sizeSlug":"large","linkDestination":"none"} -->
<figure class="wp-block-image size-large"><img src="https://vinaygouda13.files.wordpress.com/2024/05/download-4-1-edited.jpg" alt="" class="wp-image-38" /></figure>
<!-- /wp:image -->

<!-- wp:image {"id":39,"sizeSlug":"large","linkDestination":"none"} -->
<figure class="wp-block-image size-large"><img src="https://vinaygouda13.files.wordpress.com/2024/05/images-2-3.jpg?w=300" alt="" class="wp-image-39" /></figure>
<!-- /wp:image --></figure>
<!-- /wp:gallery --></div>
<!-- /wp:column -->

<!-- wp:column {"width":"50%"} -->
<div class="wp-block-column" style="flex-basis:50%"><!-- wp:paragraph -->
<p><strong>"I'll become the King of the Pirates!"</strong><br>Luffy's declaration is one of the most iconic catchphrases in anime, a constant announcement that he'll achieve the status as King of the Pirates and find the One Piece</p>
<!-- /wp:paragraph --></div>
<!-- /wp:column --></div>
<!-- /wp:columns -->

<!-- wp:spacer {"height":"var:preset|spacing|20"} -->
<div style="height:var(--wp--preset--spacing--20)" aria-hidden="true" class="wp-block-spacer"></div>
<!-- /wp:spacer --></div>
<!-- /wp:group -->

<!-- wp:group {"metadata":{"name":"Images"},"align":"full","style":{"spacing":{"padding":{"top":"calc( 0.5 * var(\u002d\u002dwp\u002d\u002dstyle\u002d\u002droot\u002d\u002dpadding-right, var(\u002d\u002dwp\u002d\u002dcustom\u002d\u002dgap\u002d\u002dhorizontal)))","bottom":"calc( 0.5 * var(\u002d\u002dwp\u002d\u002dstyle\u002d\u002droot\u002d\u002dpadding-right, var(\u002d\u002dwp\u002d\u002dcustom\u002d\u002dgap\u002d\u002dhorizontal)))","left":"var(\u002d\u002dwp\u002d\u002dstyle\u002d\u002droot\u002d\u002dpadding-left, var(\u002d\u002dwp\u002d\u002dcustom\u002d\u002dgap\u002d\u002dhorizontal))","right":"var(\u002d\u002dwp\u002d\u002dstyle\u002d\u002droot\u002d\u002dpadding-right, var(\u002d\u002dwp\u002d\u002dcustom\u002d\u002dgap\u002d\u002dhorizontal))"},"margin":{"top":"0","bottom":"0"},"blockGap":"var:preset|spacing|30"}},"layout":{"type":"constrained","justifyContent":"center"}} -->
<div class="wp-block-group alignfull" style="margin-top:0;margin-bottom:0;padding-top:calc( 0.5 * var(--wp--style--root--padding-right, var(--wp--custom--gap--horizontal)));padding-right:var(--wp--style--root--padding-right, var(--wp--custom--gap--horizontal));padding-bottom:calc( 0.5 * var(--wp--style--root--padding-right, var(--wp--custom--gap--horizontal)));padding-left:var(--wp--style--root--padding-left, var(--wp--custom--gap--horizontal))"><!-- wp:group {"align":"wide","style":{"spacing":{"blockGap":"var:preset|spacing|30"}},"layout":{"type":"flex","flexWrap":"nowrap"}} -->
<div class="wp-block-group alignwide"><!-- wp:image {"lightbox":{"enabled":true},"id":25,"width":"655px","height":"auto","aspectRatio":"1.3333333333333333","scale":"cover","sizeSlug":"full","linkDestination":"none"} -->
<figure class="wp-block-image size-full is-resized"><img src="https://vinaygouda13.files.wordpress.com/2024/05/images-2.jpg" alt="" class="wp-image-25" style="aspect-ratio:1.3333333333333333;object-fit:cover;width:655px;height:auto" /></figure>
<!-- /wp:image -->

<!-- wp:image {"lightbox":{"enabled":true},"id":26,"aspectRatio":"4/3","scale":"cover","sizeSlug":"full","linkDestination":"none"} -->
<figure class="wp-block-image size-full"><img src="https://vinaygouda13.files.wordpress.com/2024/05/the-one-piece-stuff-in-my-room-the-shelves-and-the-figures-v0-h2enn27bcbab1.webp" alt="" class="wp-image-26" style="aspect-ratio:4/3;object-fit:cover" /></figure>
<!-- /wp:image --></div>
<!-- /wp:group -->

<!-- wp:image {"lightbox":{"enabled":true},"id":35,"sizeSlug":"full","linkDestination":"none","align":"wide","className":"is-style-default"} -->
<figure class="wp-block-image alignwide size-full is-style-default"><img src="https://vinaygouda13.files.wordpress.com/2024/05/download-3.jpg" alt="" class="wp-image-35" /></figure>
<!-- /wp:image -->

<!-- wp:group {"align":"wide","style":{"spacing":{"blockGap":"var:preset|spacing|30"}},"layout":{"type":"flex","flexWrap":"nowrap"}} -->
<div class="wp-block-group alignwide"><!-- wp:image {"lightbox":{"enabled":true},"id":29,"width":"684px","height":"auto","aspectRatio":"1.3333333333333333","scale":"cover","sizeSlug":"full","linkDestination":"none"} -->
<figure class="wp-block-image size-full is-resized"><img src="https://vinaygouda13.files.wordpress.com/2024/05/download-1.jpg" alt="" class="wp-image-29" style="aspect-ratio:1.3333333333333333;object-fit:cover;width:684px;height:auto" /></figure>
<!-- /wp:image -->

<!-- wp:image {"lightbox":{"enabled":true},"id":31,"width":"694px","height":"auto","aspectRatio":"1.3333333333333333","scale":"cover","sizeSlug":"full","linkDestination":"none"} -->
<figure class="wp-block-image size-full is-resized"><img src="https://vinaygouda13.files.wordpress.com/2024/05/download.jpg" alt="" class="wp-image-31" style="aspect-ratio:1.3333333333333333;object-fit:cover;width:694px;height:auto" /></figure>
<!-- /wp:image --></div>
<!-- /wp:group -->

<!-- wp:group {"align":"wide","style":{"spacing":{"blockGap":"var:preset|spacing|30"}},"layout":{"type":"flex","flexWrap":"nowrap"}} -->
<div class="wp-block-group alignwide"><!-- wp:image {"lightbox":{"enabled":true},"id":33,"width":"681px","height":"auto","aspectRatio":"1.3333333333333333","scale":"cover","sizeSlug":"full","linkDestination":"none"} -->
<figure class="wp-block-image size-full is-resized"><img src="https://vinaygouda13.files.wordpress.com/2024/05/images-1-1.jpg" alt="" class="wp-image-33" style="aspect-ratio:1.3333333333333333;object-fit:cover;width:681px;height:auto" /></figure>
<!-- /wp:image -->

<!-- wp:image {"lightbox":{"enabled":true},"id":34,"width":"684px","height":"auto","aspectRatio":"1.3333333333333333","scale":"cover","sizeSlug":"full","linkDestination":"none"} -->
<figure class="wp-block-image size-full is-resized"><img src="https://vinaygouda13.files.wordpress.com/2024/05/download-4.jpg" alt="" class="wp-image-34" style="aspect-ratio:1.3333333333333333;object-fit:cover;width:684px;height:auto" /></figure>
<!-- /wp:image --></div>
<!-- /wp:group -->

<!-- wp:spacer -->
<div style="height:100px" aria-hidden="true" class="wp-block-spacer"></div>
<!-- /wp:spacer --></div>
<!-- /wp:group -->]]></content:encoded>
  <excerpt:encoded><![CDATA[]]></excerpt:encoded>
  <wp:post_id>23</wp:post_id>
  <wp:post_date>2024-05-13 07:43:47</wp:post_date>
  <wp:post_date_gmt>2024-05-13 02:13:47</wp:post_date_gmt>
  <wp:post_modified>2024-05-13 07:43:47</wp:post_modified>
  <wp:post_modified_gmt>2024-05-13 02:13:47</wp:post_modified_gmt>
  <wp:comment_status>closed</wp:comment_status>
  <wp:ping_status>closed</wp:ping_status>
  <wp:post_name>one-piece-anime</wp:post_name>
  <wp:status>publish</wp:status>
  <wp:post_parent>0</wp:post_parent>
  <wp:menu_order>0</wp:menu_order>
  <wp:post_type>page</wp:post_type>
  <wp:post_password/>
  <wp:is_sticky>0</wp:is_sticky>
  <wp:postmeta>
    <wp:meta_key>_last_editor_used_jetpack</wp:meta_key>
    <wp:meta_value><![CDATA[block-editor]]></wp:meta_value>
  </wp:postmeta>
  <wp:postmeta>
    <wp:meta_key>jetpack_seo_noindex</wp:meta_key>
    <wp:meta_value><![CDATA[]]></wp:meta_value>
  </wp:postmeta>
  <wp:postmeta>
    <wp:meta_key>_jetpack_post_was_ever_published</wp:meta_key>
    <wp:meta_value><![CDATA[]]></wp:meta_value>
  </wp:postmeta>
  <wp:postmeta>
    <wp:meta_key>reader_suggested_tags</wp:meta_key>
    <wp:meta_value><![CDATA[]]></wp:meta_value>
  </wp:postmeta>
  <wp:postmeta>
    <wp:meta_key>_starter_page_template</wp:meta_key>
    <wp:meta_value><![CDATA[gallery-page-description-and-grid]]></wp:meta_value>
  </wp:postmeta>
  <wp:postmeta>
    <wp:meta_key>_wpcom_template_layout_category</wp:meta_key>
    <wp:meta_value><![CDATA[a:1:{i:0;s:8:"featured";}]]></wp:meta_value>
  </wp:postmeta>
  <wp:postmeta>
    <wp:meta_key>footnotes</wp:meta_key>
    <wp:meta_value><![CDATA[]]></wp:meta_value>
  </wp:postmeta>
  <wp:postmeta>
    <wp:meta_key>_publicize_pending</wp:meta_key>
    <wp:meta_value><![CDATA[1]]></wp:meta_value>
  </wp:postmeta>
  <wp:postmeta>
    <wp:meta_key>firehose_sent</wp:meta_key>
    <wp:meta_value><![CDATA[1715566428]]></wp:meta_value>
  </wp:postmeta>
</item>
<item>
  <title><![CDATA[images-2]]></title>
  <link>https://vinaygouda13.wordpress.com/one-piece-anime/images-2/</link>
  <pubDate>Mon, 13 May 2024 02:03:00 +0000</pubDate>
  <dc:creator>vinaygouda13</dc:creator>
  <guid isPermaLink="false">http://vinaygouda13.files.wordpress.com/2024/05/images-2.jpg</guid>
  <description/>
  <content:encoded><![CDATA[]]></content:encoded>
  <excerpt:encoded><![CDATA[]]></excerpt:encoded>
  <wp:post_id>25</wp:post_id>
  <wp:post_date>2024-05-13 07:33:00</wp:post_date>
  <wp:post_date_gmt>2024-05-13 02:03:00</wp:post_date_gmt>
  <wp:post_modified>2024-05-13 07:33:00</wp:post_modified>
  <wp:post_modified_gmt>2024-05-13 02:03:00</wp:post_modified_gmt>
  <wp:comment_status>open</wp:comment_status>
  <wp:ping_status>closed</wp:ping_status>
  <wp:post_name>images-2</wp:post_name>
  <wp:status>inherit</wp:status>
  <wp:post_parent>23</wp:post_parent>
  <wp:menu_order>0</wp:menu_order>
  <wp:post_type>attachment</wp:post_type>
  <wp:post_password/>
  <wp:is_sticky>0</wp:is_sticky>
  <wp:attachment_url>https://vinaygouda13.files.wordpress.com/2024/05/images-2.jpg</wp:attachment_url>
  <wp:postmeta>
    <wp:meta_key>_wp_attached_file</wp:meta_key>
    <wp:meta_value><![CDATA[/home/wpcom/public_html/wp-content/blogs.dir/190/232991902/files/2024/05/images-2.jpg]]></wp:meta_value>
  </wp:postmeta>
  <wp:postmeta>
    <wp:meta_key>_wp_attachment_metadata</wp:meta_key>
    <wp:meta_value><![CDATA[a:6:{s:5:"width";i:309;s:6:"height";i:163;s:4:"file";s:85:"/home/wpcom/public_html/wp-content/blogs.dir/190/232991902/files/2024/05/images-2.jpg";s:8:"filesize";i:7183;s:5:"sizes";a:0:{}s:10:"image_meta";a:12:{s:8:"aperture";s:1:"0";s:6:"credit";s:0:"";s:6:"camera";s:0:"";s:7:"caption";s:0:"";s:17:"created_timestamp";s:1:"0";s:9:"copyright";s:0:"";s:12:"focal_length";s:1:"0";s:3:"iso";s:1:"0";s:13:"shutter_speed";s:1:"0";s:5:"title";s:0:"";s:11:"orientation";s:1:"0";s:8:"keywords";a:0:{}}}]]></wp:meta_value>
  </wp:postmeta>
</item>
<item>
  <title><![CDATA[the-one-piece-stuff-in-my-room-the-shelves-and-the-figures-v0-h2enn27bcbab1]]></title>
  <link>https://vinaygouda13.wordpress.com/one-piece-anime/the-one-piece-stuff-in-my-room-the-shelves-and-the-figures-v0-h2enn27bcbab1/</link>
  <pubDate>Mon, 13 May 2024 02:07:15 +0000</pubDate>
  <dc:creator>vinaygouda13</dc:creator>
  <guid isPermaLink="false">http://vinaygouda13.files.wordpress.com/2024/05/the-one-piece-stuff-in-my-room-the-shelves-and-the-figures-v0-h2enn27bcbab1.webp</guid>
  <description/>
  <content:encoded><![CDATA[]]></content:encoded>
  <excerpt:encoded><![CDATA[]]></excerpt:encoded>
  <wp:post_id>26</wp:post_id>
  <wp:post_date>2024-05-13 07:37:15</wp:post_date>
  <wp:post_date_gmt>2024-05-13 02:07:15</wp:post_date_gmt>
  <wp:post_modified>2024-05-13 07:37:15</wp:post_modified>
  <wp:post_modified_gmt>2024-05-13 02:07:15</wp:post_modified_gmt>
  <wp:comment_status>open</wp:comment_status>
  <wp:ping_status>closed</wp:ping_status>
  <wp:post_name>the-one-piece-stuff-in-my-room-the-shelves-and-the-figures-v0-h2enn27bcbab1</wp:post_name>
  <wp:status>inherit</wp:status>
  <wp:post_parent>23</wp:post_parent>
  <wp:menu_order>0</wp:menu_order>
  <wp:post_type>attachment</wp:post_type>
  <wp:post_password/>
  <wp:is_sticky>0</wp:is_sticky>
  <wp:attachment_url>https://vinaygouda13.files.wordpress.com/2024/05/the-one-piece-stuff-in-my-room-the-shelves-and-the-figures-v0-h2enn27bcbab1.webp</wp:attachment_url>
  <wp:postmeta>
    <wp:meta_key>_wp_attached_file</wp:meta_key>
    <wp:meta_value><![CDATA[/home/wpcom/public_html/wp-content/blogs.dir/190/232991902/files/2024/05/the-one-piece-stuff-in-my-room-the-shelves-and-the-figures-v0-h2enn27bcbab1.webp]]></wp:meta_value>
  </wp:postmeta>
  <wp:postmeta>
    <wp:meta_key>_wp_attachment_metadata</wp:meta_key>
    <wp:meta_value><![CDATA[a:6:{s:5:"width";i:640;s:6:"height";i:1137;s:4:"file";s:153:"/home/wpcom/public_html/wp-content/blogs.dir/190/232991902/files/2024/05/the-one-piece-stuff-in-my-room-the-shelves-and-the-figures-v0-h2enn27bcbab1.webp";s:8:"filesize";i:75656;s:5:"sizes";a:0:{}s:10:"image_meta";a:12:{s:8:"aperture";s:1:"0";s:6:"credit";s:0:"";s:6:"camera";s:0:"";s:7:"caption";s:0:"";s:17:"created_timestamp";s:1:"0";s:9:"copyright";s:0:"";s:12:"focal_length";s:1:"0";s:3:"iso";s:1:"0";s:13:"shutter_speed";s:1:"0";s:5:"title";s:0:"";s:11:"orientation";s:1:"0";s:8:"keywords";a:0:{}}}]]></wp:meta_value>
  </wp:postmeta>
</item>
<item>
  <title><![CDATA[images-2-1]]></title>
  <link>https://vinaygouda13.wordpress.com/one-piece-anime/images-2-1/</link>
  <pubDate>Mon, 13 May 2024 02:07:34 +0000</pubDate>
  <dc:creator>vinaygouda13</dc:creator>
  <guid isPermaLink="false">http://vinaygouda13.files.wordpress.com/2024/05/images-2-1.jpg</guid>
  <description/>
  <content:encoded><![CDATA[]]></content:encoded>
  <excerpt:encoded><![CDATA[]]></excerpt:encoded>
  <wp:post_id>27</wp:post_id>
  <wp:post_date>2024-05-13 07:37:34</wp:post_date>
  <wp:post_date_gmt>2024-05-13 02:07:34</wp:post_date_gmt>
  <wp:post_modified>2024-05-13 07:37:34</wp:post_modified>
  <wp:post_modified_gmt>2024-05-13 02:07:34</wp:post_modified_gmt>
  <wp:comment_status>open</wp:comment_status>
  <wp:ping_status>closed</wp:ping_status>
  <wp:post_name>images-2-1</wp:post_name>
  <wp:status>inherit</wp:status>
  <wp:post_parent>23</wp:post_parent>
  <wp:menu_order>0</wp:menu_order>
  <wp:post_type>attachment</wp:post_type>
  <wp:post_password/>
  <wp:is_sticky>0</wp:is_sticky>
  <wp:attachment_url>https://vinaygouda13.files.wordpress.com/2024/05/images-2-1.jpg</wp:attachment_url>
  <wp:postmeta>
    <wp:meta_key>_wp_attached_file</wp:meta_key>
    <wp:meta_value><![CDATA[/home/wpcom/public_html/wp-content/blogs.dir/190/232991902/files/2024/05/images-2-1.jpg]]></wp:meta_value>
  </wp:postmeta>
  <wp:postmeta>
    <wp:meta_key>_wp_attachment_metadata</wp:meta_key>
    <wp:meta_value><![CDATA[a:6:{s:5:"width";i:300;s:6:"height";i:168;s:4:"file";s:87:"/home/wpcom/public_html/wp-content/blogs.dir/190/232991902/files/2024/05/images-2-1.jpg";s:8:"filesize";i:7572;s:5:"sizes";a:0:{}s:10:"image_meta";a:12:{s:8:"aperture";s:1:"0";s:6:"credit";s:0:"";s:6:"camera";s:0:"";s:7:"caption";s:0:"";s:17:"created_timestamp";s:1:"0";s:9:"copyright";s:0:"";s:12:"focal_length";s:1:"0";s:3:"iso";s:1:"0";s:13:"shutter_speed";s:1:"0";s:5:"title";s:0:"";s:11:"orientation";s:1:"0";s:8:"keywords";a:0:{}}}]]></wp:meta_value>
  </wp:postmeta>
</item>
<item>
  <title><![CDATA[download-2]]></title>
  <link>https://vinaygouda13.wordpress.com/one-piece-anime/download-2/</link>
  <pubDate>Mon, 13 May 2024 02:07:50 +0000</pubDate>
  <dc:creator>vinaygouda13</dc:creator>
  <guid isPermaLink="false">http://vinaygouda13.files.wordpress.com/2024/05/download-2.jpg</guid>
  <description/>
  <content:encoded><![CDATA[]]></content:encoded>
  <excerpt:encoded><![CDATA[]]></excerpt:encoded>
  <wp:post_id>28</wp:post_id>
  <wp:post_date>2024-05-13 07:37:50</wp:post_date>
  <wp:post_date_gmt>2024-05-13 02:07:50</wp:post_date_gmt>
  <wp:post_modified>2024-05-13 07:37:50</wp:post_modified>
  <wp:post_modified_gmt>2024-05-13 02:07:50</wp:post_modified_gmt>
  <wp:comment_status>open</wp:comment_status>
  <wp:ping_status>closed</wp:ping_status>
  <wp:post_name>download-2</wp:post_name>
  <wp:status>inherit</wp:status>
  <wp:post_parent>23</wp:post_parent>
  <wp:menu_order>0</wp:menu_order>
  <wp:post_type>attachment</wp:post_type>
  <wp:post_password/>
  <wp:is_sticky>0</wp:is_sticky>
  <wp:attachment_url>https://vinaygouda13.files.wordpress.com/2024/05/download-2.jpg</wp:attachment_url>
  <wp:postmeta>
    <wp:meta_key>_wp_attached_file</wp:meta_key>
    <wp:meta_value><![CDATA[/home/wpcom/public_html/wp-content/blogs.dir/190/232991902/files/2024/05/download-2.jpg]]></wp:meta_value>
  </wp:postmeta>
  <wp:postmeta>
    <wp:meta_key>_wp_attachment_metadata</wp:meta_key>
    <wp:meta_value><![CDATA[a:6:{s:5:"width";i:318;s:6:"height";i:159;s:4:"file";s:87:"/home/wpcom/public_html/wp-content/blogs.dir/190/232991902/files/2024/05/download-2.jpg";s:8:"filesize";i:6546;s:5:"sizes";a:0:{}s:10:"image_meta";a:12:{s:8:"aperture";s:1:"0";s:6:"credit";s:0:"";s:6:"camera";s:0:"";s:7:"caption";s:0:"";s:17:"created_timestamp";s:1:"0";s:9:"copyright";s:0:"";s:12:"focal_length";s:1:"0";s:3:"iso";s:1:"0";s:13:"shutter_speed";s:1:"0";s:5:"title";s:0:"";s:11:"orientation";s:1:"0";s:8:"keywords";a:0:{}}}]]></wp:meta_value>
  </wp:postmeta>
</item>
<item>
  <title><![CDATA[download-1]]></title>
  <link>https://vinaygouda13.wordpress.com/one-piece-anime/download-1/</link>
  <pubDate>Mon, 13 May 2024 02:08:13 +0000</pubDate>
  <dc:creator>vinaygouda13</dc:creator>
  <guid isPermaLink="false">http://vinaygouda13.files.wordpress.com/2024/05/download-1.jpg</guid>
  <description/>
  <content:encoded><![CDATA[]]></content:encoded>
  <excerpt:encoded><![CDATA[]]></excerpt:encoded>
  <wp:post_id>29</wp:post_id>
  <wp:post_date>2024-05-13 07:38:13</wp:post_date>
  <wp:post_date_gmt>2024-05-13 02:08:13</wp:post_date_gmt>
  <wp:post_modified>2024-05-13 07:38:13</wp:post_modified>
  <wp:post_modified_gmt>2024-05-13 02:08:13</wp:post_modified_gmt>
  <wp:comment_status>open</wp:comment_status>
  <wp:ping_status>closed</wp:ping_status>
  <wp:post_name>download-1</wp:post_name>
  <wp:status>inherit</wp:status>
  <wp:post_parent>23</wp:post_parent>
  <wp:menu_order>0</wp:menu_order>
  <wp:post_type>attachment</wp:post_type>
  <wp:post_password/>
  <wp:is_sticky>0</wp:is_sticky>
  <wp:attachment_url>https://vinaygouda13.files.wordpress.com/2024/05/download-1.jpg</wp:attachment_url>
  <wp:postmeta>
    <wp:meta_key>_wp_attached_file</wp:meta_key>
    <wp:meta_value><![CDATA[/home/wpcom/public_html/wp-content/blogs.dir/190/232991902/files/2024/05/download-1.jpg]]></wp:meta_value>
  </wp:postmeta>
  <wp:postmeta>
    <wp:meta_key>_wp_attachment_metadata</wp:meta_key>
    <wp:meta_value><![CDATA[a:6:{s:5:"width";i:225;s:6:"height";i:225;s:4:"file";s:87:"/home/wpcom/public_html/wp-content/blogs.dir/190/232991902/files/2024/05/download-1.jpg";s:8:"filesize";i:6989;s:5:"sizes";a:0:{}s:10:"image_meta";a:12:{s:8:"aperture";s:1:"0";s:6:"credit";s:0:"";s:6:"camera";s:0:"";s:7:"caption";s:0:"";s:17:"created_timestamp";s:1:"0";s:9:"copyright";s:0:"";s:12:"focal_length";s:1:"0";s:3:"iso";s:1:"0";s:13:"shutter_speed";s:1:"0";s:5:"title";s:0:"";s:11:"orientation";s:1:"0";s:8:"keywords";a:0:{}}}]]></wp:meta_value>
  </wp:postmeta>
</item>
<item>
  <title><![CDATA[download-1-1]]></title>
  <link>https://vinaygouda13.wordpress.com/one-piece-anime/download-1-1/</link>
  <pubDate>Mon, 13 May 2024 02:08:39 +0000</pubDate>
  <dc:creator>vinaygouda13</dc:creator>
  <guid isPermaLink="false">http://vinaygouda13.files.wordpress.com/2024/05/download-1-1.jpg</guid>
  <description/>
  <content:encoded><![CDATA[]]></content:encoded>
  <excerpt:encoded><![CDATA[]]></excerpt:encoded>
  <wp:post_id>30</wp:post_id>
  <wp:post_date>2024-05-13 07:38:39</wp:post_date>
  <wp:post_date_gmt>2024-05-13 02:08:39</wp:post_date_gmt>
  <wp:post_modified>2024-05-13 07:38:39</wp:post_modified>
  <wp:post_modified_gmt>2024-05-13 02:08:39</wp:post_modified_gmt>
  <wp:comment_status>open</wp:comment_status>
  <wp:ping_status>closed</wp:ping_status>
  <wp:post_name>download-1-1</wp:post_name>
  <wp:status>inherit</wp:status>
  <wp:post_parent>23</wp:post_parent>
  <wp:menu_order>0</wp:menu_order>
  <wp:post_type>attachment</wp:post_type>
  <wp:post_password/>
  <wp:is_sticky>0</wp:is_sticky>
  <wp:attachment_url>https://vinaygouda13.files.wordpress.com/2024/05/download-1-1.jpg</wp:attachment_url>
  <wp:postmeta>
    <wp:meta_key>_wp_attached_file</wp:meta_key>
    <wp:meta_value><![CDATA[/home/wpcom/public_html/wp-content/blogs.dir/190/232991902/files/2024/05/download-1-1.jpg]]></wp:meta_value>
  </wp:postmeta>
  <wp:postmeta>
    <wp:meta_key>_wp_attachment_metadata</wp:meta_key>
    <wp:meta_value><![CDATA[a:6:{s:5:"width";i:225;s:6:"height";i:225;s:4:"file";s:89:"/home/wpcom/public_html/wp-content/blogs.dir/190/232991902/files/2024/05/download-1-1.jpg";s:8:"filesize";i:6989;s:5:"sizes";a:0:{}s:10:"image_meta";a:12:{s:8:"aperture";s:1:"0";s:6:"credit";s:0:"";s:6:"camera";s:0:"";s:7:"caption";s:0:"";s:17:"created_timestamp";s:1:"0";s:9:"copyright";s:0:"";s:12:"focal_length";s:1:"0";s:3:"iso";s:1:"0";s:13:"shutter_speed";s:1:"0";s:5:"title";s:0:"";s:11:"orientation";s:1:"0";s:8:"keywords";a:0:{}}}]]></wp:meta_value>
  </wp:postmeta>
</item>
<item>
  <title><![CDATA[download]]></title>
  <link>https://vinaygouda13.wordpress.com/one-piece-anime/download/</link>
  <pubDate>Mon, 13 May 2024 02:08:49 +0000</pubDate>
  <dc:creator>vinaygouda13</dc:creator>
  <guid isPermaLink="false">http://vinaygouda13.files.wordpress.com/2024/05/download.jpg</guid>
  <description/>
  <content:encoded><![CDATA[]]></content:encoded>
  <excerpt:encoded><![CDATA[]]></excerpt:encoded>
  <wp:post_id>31</wp:post_id>
  <wp:post_date>2024-05-13 07:38:49</wp:post_date>
  <wp:post_date_gmt>2024-05-13 02:08:49</wp:post_date_gmt>
  <wp:post_modified>2024-05-13 07:38:49</wp:post_modified>
  <wp:post_modified_gmt>2024-05-13 02:08:49</wp:post_modified_gmt>
  <wp:comment_status>open</wp:comment_status>
  <wp:ping_status>closed</wp:ping_status>
  <wp:post_name>download</wp:post_name>
  <wp:status>inherit</wp:status>
  <wp:post_parent>23</wp:post_parent>
  <wp:menu_order>0</wp:menu_order>
  <wp:post_type>attachment</wp:post_type>
  <wp:post_password/>
  <wp:is_sticky>0</wp:is_sticky>
  <wp:attachment_url>https://vinaygouda13.files.wordpress.com/2024/05/download.jpg</wp:attachment_url>
  <wp:postmeta>
    <wp:meta_key>_wp_attached_file</wp:meta_key>
    <wp:meta_value><![CDATA[/home/wpcom/public_html/wp-content/blogs.dir/190/232991902/files/2024/05/download.jpg]]></wp:meta_value>
  </wp:postmeta>
  <wp:postmeta>
    <wp:meta_key>_wp_attachment_metadata</wp:meta_key>
    <wp:meta_value><![CDATA[a:6:{s:5:"width";i:299;s:6:"height";i:168;s:4:"file";s:85:"/home/wpcom/public_html/wp-content/blogs.dir/190/232991902/files/2024/05/download.jpg";s:8:"filesize";i:7223;s:5:"sizes";a:0:{}s:10:"image_meta";a:12:{s:8:"aperture";s:1:"0";s:6:"credit";s:0:"";s:6:"camera";s:0:"";s:7:"caption";s:0:"";s:17:"created_timestamp";s:1:"0";s:9:"copyright";s:0:"";s:12:"focal_length";s:1:"0";s:3:"iso";s:1:"0";s:13:"shutter_speed";s:1:"0";s:5:"title";s:0:"";s:11:"orientation";s:1:"0";s:8:"keywords";a:0:{}}}]]></wp:meta_value>
  </wp:postmeta>
</item>
<item>
  <title><![CDATA[images-2-2]]></title>
  <link>https://vinaygouda13.wordpress.com/one-piece-anime/images-2-2/</link>
  <pubDate>Mon, 13 May 2024 02:09:10 +0000</pubDate>
  <dc:creator>vinaygouda13</dc:creator>
  <guid isPermaLink="false">http://vinaygouda13.files.wordpress.com/2024/05/images-2-2.jpg</guid>
  <description/>
  <content:encoded><![CDATA[]]></content:encoded>
  <excerpt:encoded><![CDATA[]]></excerpt:encoded>
  <wp:post_id>32</wp:post_id>
  <wp:post_date>2024-05-13 07:39:10</wp:post_date>
  <wp:post_date_gmt>2024-05-13 02:09:10</wp:post_date_gmt>
  <wp:post_modified>2024-05-13 07:39:10</wp:post_modified>
  <wp:post_modified_gmt>2024-05-13 02:09:10</wp:post_modified_gmt>
  <wp:comment_status>open</wp:comment_status>
  <wp:ping_status>closed</wp:ping_status>
  <wp:post_name>images-2-2</wp:post_name>
  <wp:status>inherit</wp:status>
  <wp:post_parent>23</wp:post_parent>
  <wp:menu_order>0</wp:menu_order>
  <wp:post_type>attachment</wp:post_type>
  <wp:post_password/>
  <wp:is_sticky>0</wp:is_sticky>
  <wp:attachment_url>https://vinaygouda13.files.wordpress.com/2024/05/images-2-2.jpg</wp:attachment_url>
  <wp:postmeta>
    <wp:meta_key>_wp_attached_file</wp:meta_key>
    <wp:meta_value><![CDATA[/home/wpcom/public_html/wp-content/blogs.dir/190/232991902/files/2024/05/images-2-2.jpg]]></wp:meta_value>
  </wp:postmeta>
  <wp:postmeta>
    <wp:meta_key>_wp_attachment_metadata</wp:meta_key>
    <wp:meta_value><![CDATA[a:6:{s:5:"width";i:300;s:6:"height";i:168;s:4:"file";s:87:"/home/wpcom/public_html/wp-content/blogs.dir/190/232991902/files/2024/05/images-2-2.jpg";s:8:"filesize";i:7572;s:5:"sizes";a:0:{}s:10:"image_meta";a:12:{s:8:"aperture";s:1:"0";s:6:"credit";s:0:"";s:6:"camera";s:0:"";s:7:"caption";s:0:"";s:17:"created_timestamp";s:1:"0";s:9:"copyright";s:0:"";s:12:"focal_length";s:1:"0";s:3:"iso";s:1:"0";s:13:"shutter_speed";s:1:"0";s:5:"title";s:0:"";s:11:"orientation";s:1:"0";s:8:"keywords";a:0:{}}}]]></wp:meta_value>
  </wp:postmeta>
</item>
<item>
  <title><![CDATA[images-1-1]]></title>
  <link>https://vinaygouda13.wordpress.com/one-piece-anime/images-1-1/</link>
  <pubDate>Mon, 13 May 2024 02:09:26 +0000</pubDate>
  <dc:creator>vinaygouda13</dc:creator>
  <guid isPermaLink="false">http://vinaygouda13.files.wordpress.com/2024/05/images-1-1.jpg</guid>
  <description/>
  <content:encoded><![CDATA[]]></content:encoded>
  <excerpt:encoded><![CDATA[]]></excerpt:encoded>
  <wp:post_id>33</wp:post_id>
  <wp:post_date>2024-05-13 07:39:26</wp:post_date>
  <wp:post_date_gmt>2024-05-13 02:09:26</wp:post_date_gmt>
  <wp:post_modified>2024-05-13 07:39:26</wp:post_modified>
  <wp:post_modified_gmt>2024-05-13 02:09:26</wp:post_modified_gmt>
  <wp:comment_status>open</wp:comment_status>
  <wp:ping_status>closed</wp:ping_status>
  <wp:post_name>images-1-1</wp:post_name>
  <wp:status>inherit</wp:status>
  <wp:post_parent>23</wp:post_parent>
  <wp:menu_order>0</wp:menu_order>
  <wp:post_type>attachment</wp:post_type>
  <wp:post_password/>
  <wp:is_sticky>0</wp:is_sticky>
  <wp:attachment_url>https://vinaygouda13.files.wordpress.com/2024/05/images-1-1.jpg</wp:attachment_url>
  <wp:postmeta>
    <wp:meta_key>_wp_attached_file</wp:meta_key>
    <wp:meta_value><![CDATA[/home/wpcom/public_html/wp-content/blogs.dir/190/232991902/files/2024/05/images-1-1.jpg]]></wp:meta_value>
  </wp:postmeta>
  <wp:postmeta>
    <wp:meta_key>_wp_attachment_metadata</wp:meta_key>
    <wp:meta_value><![CDATA[a:6:{s:5:"width";i:259;s:6:"height";i:194;s:4:"file";s:87:"/home/wpcom/public_html/wp-content/blogs.dir/190/232991902/files/2024/05/images-1-1.jpg";s:8:"filesize";i:10670;s:5:"sizes";a:0:{}s:10:"image_meta";a:12:{s:8:"aperture";s:1:"0";s:6:"credit";s:0:"";s:6:"camera";s:0:"";s:7:"caption";s:0:"";s:17:"created_timestamp";s:1:"0";s:9:"copyright";s:0:"";s:12:"focal_length";s:1:"0";s:3:"iso";s:1:"0";s:13:"shutter_speed";s:1:"0";s:5:"title";s:0:"";s:11:"orientation";s:1:"0";s:8:"keywords";a:0:{}}}]]></wp:meta_value>
  </wp:postmeta>
</item>
<item>
  <title><![CDATA[download-4]]></title>
  <link>https://vinaygouda13.wordpress.com/one-piece-anime/download-4/</link>
  <pubDate>Mon, 13 May 2024 02:10:26 +0000</pubDate>
  <dc:creator>vinaygouda13</dc:creator>
  <guid isPermaLink="false">http://vinaygouda13.files.wordpress.com/2024/05/download-4.jpg</guid>
  <description/>
  <content:encoded><![CDATA[]]></content:encoded>
  <excerpt:encoded><![CDATA[]]></excerpt:encoded>
  <wp:post_id>34</wp:post_id>
  <wp:post_date>2024-05-13 07:40:26</wp:post_date>
  <wp:post_date_gmt>2024-05-13 02:10:26</wp:post_date_gmt>
  <wp:post_modified>2024-05-13 07:40:26</wp:post_modified>
  <wp:post_modified_gmt>2024-05-13 02:10:26</wp:post_modified_gmt>
  <wp:comment_status>open</wp:comment_status>
  <wp:ping_status>closed</wp:ping_status>
  <wp:post_name>download-4</wp:post_name>
  <wp:status>inherit</wp:status>
  <wp:post_parent>23</wp:post_parent>
  <wp:menu_order>0</wp:menu_order>
  <wp:post_type>attachment</wp:post_type>
  <wp:post_password/>
  <wp:is_sticky>0</wp:is_sticky>
  <wp:attachment_url>https://vinaygouda13.files.wordpress.com/2024/05/download-4.jpg</wp:attachment_url>
  <wp:postmeta>
    <wp:meta_key>_wp_attached_file</wp:meta_key>
    <wp:meta_value><![CDATA[/home/wpcom/public_html/wp-content/blogs.dir/190/232991902/files/2024/05/download-4.jpg]]></wp:meta_value>
  </wp:postmeta>
  <wp:postmeta>
    <wp:meta_key>_wp_attachment_metadata</wp:meta_key>
    <wp:meta_value><![CDATA[a:6:{s:5:"width";i:150;s:6:"height";i:335;s:4:"file";s:87:"/home/wpcom/public_html/wp-content/blogs.dir/190/232991902/files/2024/05/download-4.jpg";s:8:"filesize";i:5554;s:5:"sizes";a:0:{}s:10:"image_meta";a:12:{s:8:"aperture";s:1:"0";s:6:"credit";s:0:"";s:6:"camera";s:0:"";s:7:"caption";s:0:"";s:17:"created_timestamp";s:1:"0";s:9:"copyright";s:0:"";s:12:"focal_length";s:1:"0";s:3:"iso";s:1:"0";s:13:"shutter_speed";s:1:"0";s:5:"title";s:0:"";s:11:"orientation";s:1:"0";s:8:"keywords";a:0:{}}}]]></wp:meta_value>
  </wp:postmeta>
</item>
<item>
  <title><![CDATA[download-3]]></title>
  <link>https://vinaygouda13.wordpress.com/one-piece-anime/download-3/</link>
  <pubDate>Mon, 13 May 2024 02:10:57 +0000</pubDate>
  <dc:creator>vinaygouda13</dc:creator>
  <guid isPermaLink="false">http://vinaygouda13.files.wordpress.com/2024/05/download-3.jpg</guid>
  <description/>
  <content:encoded><![CDATA[]]></content:encoded>
  <excerpt:encoded><![CDATA[]]></excerpt:encoded>
  <wp:post_id>35</wp:post_id>
  <wp:post_date>2024-05-13 07:40:57</wp:post_date>
  <wp:post_date_gmt>2024-05-13 02:10:57</wp:post_date_gmt>
  <wp:post_modified>2024-05-13 07:40:57</wp:post_modified>
  <wp:post_modified_gmt>2024-05-13 02:10:57</wp:post_modified_gmt>
  <wp:comment_status>open</wp:comment_status>
  <wp:ping_status>closed</wp:ping_status>
  <wp:post_name>download-3</wp:post_name>
  <wp:status>inherit</wp:status>
  <wp:post_parent>23</wp:post_parent>
  <wp:menu_order>0</wp:menu_order>
  <wp:post_type>attachment</wp:post_type>
  <wp:post_password/>
  <wp:is_sticky>0</wp:is_sticky>
  <wp:attachment_url>https://vinaygouda13.files.wordpress.com/2024/05/download-3.jpg</wp:attachment_url>
  <wp:postmeta>
    <wp:meta_key>_wp_attached_file</wp:meta_key>
    <wp:meta_value><![CDATA[/home/wpcom/public_html/wp-content/blogs.dir/190/232991902/files/2024/05/download-3.jpg]]></wp:meta_value>
  </wp:postmeta>
  <wp:postmeta>
    <wp:meta_key>_wp_attachment_metadata</wp:meta_key>
    <wp:meta_value><![CDATA[a:6:{s:5:"width";i:300;s:6:"height";i:168;s:4:"file";s:87:"/home/wpcom/public_html/wp-content/blogs.dir/190/232991902/files/2024/05/download-3.jpg";s:8:"filesize";i:5784;s:5:"sizes";a:0:{}s:10:"image_meta";a:12:{s:8:"aperture";s:1:"0";s:6:"credit";s:0:"";s:6:"camera";s:0:"";s:7:"caption";s:0:"";s:17:"created_timestamp";s:1:"0";s:9:"copyright";s:0:"";s:12:"focal_length";s:1:"0";s:3:"iso";s:1:"0";s:13:"shutter_speed";s:1:"0";s:5:"title";s:0:"";s:11:"orientation";s:1:"0";s:8:"keywords";a:0:{}}}]]></wp:meta_value>
  </wp:postmeta>
</item>
<item>
  <title><![CDATA[download-4-1]]></title>
  <link>https://vinaygouda13.wordpress.com/one-piece-anime/download-4-1/</link>
  <pubDate>Mon, 13 May 2024 02:11:53 +0000</pubDate>
  <dc:creator>vinaygouda13</dc:creator>
  <guid isPermaLink="false">http://vinaygouda13.files.wordpress.com/2024/05/download-4-1.jpg</guid>
  <description/>
  <content:encoded><![CDATA[]]></content:encoded>
  <excerpt:encoded><![CDATA[]]></excerpt:encoded>
  <wp:post_id>37</wp:post_id>
  <wp:post_date>2024-05-13 07:41:53</wp:post_date>
  <wp:post_date_gmt>2024-05-13 02:11:53</wp:post_date_gmt>
  <wp:post_modified>2024-05-13 07:41:53</wp:post_modified>
  <wp:post_modified_gmt>2024-05-13 02:11:53</wp:post_modified_gmt>
  <wp:comment_status>open</wp:comment_status>
  <wp:ping_status>closed</wp:ping_status>
  <wp:post_name>download-4-1</wp:post_name>
  <wp:status>inherit</wp:status>
  <wp:post_parent>23</wp:post_parent>
  <wp:menu_order>0</wp:menu_order>
  <wp:post_type>attachment</wp:post_type>
  <wp:post_password/>
  <wp:is_sticky>0</wp:is_sticky>
  <wp:attachment_url>https://vinaygouda13.files.wordpress.com/2024/05/download-4-1.jpg</wp:attachment_url>
  <wp:postmeta>
    <wp:meta_key>_wp_attached_file</wp:meta_key>
    <wp:meta_value><![CDATA[/home/wpcom/public_html/wp-content/blogs.dir/190/232991902/files/2024/05/download-4-1.jpg]]></wp:meta_value>
  </wp:postmeta>
  <wp:postmeta>
    <wp:meta_key>_wp_attachment_metadata</wp:meta_key>
    <wp:meta_value><![CDATA[a:6:{s:5:"width";i:150;s:6:"height";i:335;s:4:"file";s:89:"/home/wpcom/public_html/wp-content/blogs.dir/190/232991902/files/2024/05/download-4-1.jpg";s:8:"filesize";i:5554;s:5:"sizes";a:0:{}s:10:"image_meta";a:12:{s:8:"aperture";s:1:"0";s:6:"credit";s:0:"";s:6:"camera";s:0:"";s:7:"caption";s:0:"";s:17:"created_timestamp";s:1:"0";s:9:"copyright";s:0:"";s:12:"focal_length";s:1:"0";s:3:"iso";s:1:"0";s:13:"shutter_speed";s:1:"0";s:5:"title";s:0:"";s:11:"orientation";s:1:"0";s:8:"keywords";a:0:{}}}]]></wp:meta_value>
  </wp:postmeta>
</item>
<item>
  <title><![CDATA[images-2-3]]></title>
  <link>https://vinaygouda13.wordpress.com/one-piece-anime/images-2-3/</link>
  <pubDate>Mon, 13 May 2024 02:13:06 +0000</pubDate>
  <dc:creator>vinaygouda13</dc:creator>
  <guid isPermaLink="false">http://vinaygouda13.files.wordpress.com/2024/05/images-2-3.jpg</guid>
  <description/>
  <content:encoded><![CDATA[]]></content:encoded>
  <excerpt:encoded><![CDATA[]]></excerpt:encoded>
  <wp:post_id>39</wp:post_id>
  <wp:post_date>2024-05-13 07:43:06</wp:post_date>
  <wp:post_date_gmt>2024-05-13 02:13:06</wp:post_date_gmt>
  <wp:post_modified>2024-05-13 07:43:06</wp:post_modified>
  <wp:post_modified_gmt>2024-05-13 02:13:06</wp:post_modified_gmt>
  <wp:comment_status>open</wp:comment_status>
  <wp:ping_status>closed</wp:ping_status>
  <wp:post_name>images-2-3</wp:post_name>
  <wp:status>inherit</wp:status>
  <wp:post_parent>23</wp:post_parent>
  <wp:menu_order>0</wp:menu_order>
  <wp:post_type>attachment</wp:post_type>
  <wp:post_password/>
  <wp:is_sticky>0</wp:is_sticky>
  <wp:attachment_url>https://vinaygouda13.files.wordpress.com/2024/05/images-2-3.jpg</wp:attachment_url>
  <wp:postmeta>
    <wp:meta_key>_wp_attached_file</wp:meta_key>
    <wp:meta_value><![CDATA[/home/wpcom/public_html/wp-content/blogs.dir/190/232991902/files/2024/05/images-2-3.jpg]]></wp:meta_value>
  </wp:postmeta>
  <wp:postmeta>
    <wp:meta_key>_wp_attachment_metadata</wp:meta_key>
    <wp:meta_value><![CDATA[a:6:{s:5:"width";i:300;s:6:"height";i:168;s:4:"file";s:87:"/home/wpcom/public_html/wp-content/blogs.dir/190/232991902/files/2024/05/images-2-3.jpg";s:8:"filesize";i:7572;s:5:"sizes";a:0:{}s:10:"image_meta";a:12:{s:8:"aperture";s:1:"0";s:6:"credit";s:0:"";s:6:"camera";s:0:"";s:7:"caption";s:0:"";s:17:"created_timestamp";s:1:"0";s:9:"copyright";s:0:"";s:12:"focal_length";s:1:"0";s:3:"iso";s:1:"0";s:13:"shutter_speed";s:1:"0";s:5:"title";s:0:"";s:11:"orientation";s:1:"0";s:8:"keywords";a:0:{}}}]]></wp:meta_value>
  </wp:postmeta>
</item>
  </channel>
</rss>
